<?xml version="1.0" encoding="UTF-8"?>
<!DOCTYPE configuration PUBLIC "-//mybatis.org//DTD Config 3.0//EN"
   "http://mybatis.org/dtd/mybatis-3-config.dtd">
<configuration>
   
   <settings>
      <setting name="jdbcTypeForNull" value="NULL"/>
      <setting name="cacheEnabled" value="false"/>
   </settings>
   
   <typeAliases>
   <typeAlias type="model.Projectborder" alias="border"/>
   <typeAlias type="model.Projectmember" alias="member"/>
   </typeAliases>
   
   <environments default="oracle">
      <environment id="oracle">
         <transactionManager type="JDBC"/>
         <dataSource type="POOLED">
            <property name="driver" value="oracle.jdbc.OracleDriver"/>
            <property name="url" value="jdbc:oracle:thin:@localhost:1521:xe"/>
            <property name="username" value="kic24"/>
            <property name="password" value="1234"/>
         </dataSource>
      </environment>
   </environments>
   
   <mappers>
   <mapper class="mapper.MemberAnno" />
   <mapper class="mapper.BoardAnno" />
  
   </mappers>
   
</configuration>





